id,rle_mask
830509e296,
e01867ca71,
f597d72b6d,
b4650d576e,
7815ce431a,
afaa14f2a2,
bc77c9515b,
aeb4aa148c,
9a7167039d,
55461699f5,
cae26f3214,
a433189cb9,
c87253dfae,
4bf2e5b78e,
61023e1d99,
ea5cc18a2d,
42f3ec73d6,
94fd51a14f,
a1a0480cd9,
b97a4c857d,
e85ba9f671,
7520edb0d6,
d615842865,
3a00f81f99,
c81e790680,
6d94eea16d,
6059cedbfb,
d5992222c3,
e24efb21d8,
82d65941ec,
ca32b9178d,
cdda3b1f5e,
4bf4b35f56,
d65df3a8cf,
66e5e6debd,
539c2225d3,
c4902fb3f1,
547b7e3237,
4a23ca32fa,
9b7ade011b,
ab2e576462,
dd230b84a9,
c771336efb,
e907b958e2,
d18dec87b4,
1ee8d337ab,
79e00af543,
065c6cd6ff,
64e526c39f,
ad56da0d75,
e3b8f5e02b,
fabad6b46a,
a39dc1c7d1,
7c14a49942,
99cf856ff7,
3d6452e27a,
6213dd23d6,
dbd3a5dc0a,
f17a840281,
ae8823b009,
6f4fce059a,
f0d68a2c3a,
12069cc8fe,
8942571467,
30e76b97d1,
185ff08d47,
e7eeb87ebe,
83349a5042,
39e91d3247,
c41bf71d37,
c9c7cd6fa4,
5f69ff419b,
169ef6df9c,
acdc75508d,
bb2c8d04b8,
50094e6744,
a2acd2c458,
947bd72542,
694e451a45,
29345e1a87,
cc9fae6415,
dfecdb6231,
52b4fe7246,
ff14a3baeb,
290510ddab,
82c95cdb56,
b4f68d9a41,
da98867337,
10cda1078b,
a5902ff190,
7aca719607,
89eb8ef89f,
bc2c4e63bf,
f0c9c19f47,
a06f18de38,
f9ac19b3e4,
44cf29d695,
90a3f2a030,
27c2b373be,
4502ae73a4,
c20fd75377,
328183c949,
9010a05d5e,
a0447d64e2,
39ae6fcec8,
9e3ed814dc,
dc0eba53d6,
d8e410e039,
fa6d82463a,
e2c5c7991c,
9a99e91fa3,
45228f9dab,
24bb32f0f8,
dd01adda98,
4a2c93f934,
b96e52844e,
533683b8e0,
f836633c5d,
4578fe28d8,
f2a062e477,
06446b9d8c,
e3532bddf2,
2b125e9fc8,
63987c709a,
bb77421973,
ee9df7a0d7,
03ae7e298c,
179de94b7e,
20c468c70c,
ce36e2a0ae,
d51a4d6c04,
9714f42c6b,
d89411d9d1,
56441c3a16,
937bf3bde5,
46a8d5b47f,
18bd2e6277,
f7c685315e,
32a571418e,
502bb755af,
a0e6d8b0a7,
5dcb83b69e,
29b017cb20,
68cc289774,
2337388245,
448a080d3f,
57eff70775,
ee026cf4fd,
8511455765,
3e1b6580f5,
53bbeae507,
f43c6999ba,
a557fd3376,
427212d90c,
6bd9f7f4c9,
d98ef8bb13,
fd35db589d,
2dc9e78155,
a5b81694e5,
188da27ff6,
5f5b77cc1b,
68aa2f3bf4,
7c6b453f71,
e45649bcc1,
b3777ff467,
c6f29dc1a4,
707c0b494f,
c3b42ca60c,
665301fedb,
0eda123a2a,
9b9d62b4f2,
7d0d470e33,
536da22fe4,
7eeebb8145,
4eceea0d2a,
58bc52866e,
436aaf7e67,
cf92834b28,
8cb504a3fa,
6721c5356e,
ab61a1c6b8,
c563ab4d1f,
e19d76920d,
ffb3be0fa8,
20fcf160f4,
792181c3f1,
c66fd86269,
5cc486a204,
0460ed00e4,
db4967025d,
598ec4a143,
d8ca3bb8c8,
090075ab14,
3de99572f3,
903ed53422,
01dd84b7dd,
f34886e220,
cfc651fc58,
de7a0dc03b,
4d92d49210,
2b6f27a34d,
5c97dd7b21,
dd65de3b70,
b4043d90c5,
7dd01cb655,
00cbbf2293,
1c23f6817c,
e428876d1a,
94a1b56a13,
fbed21a091,
2143b330fe,
d0a367e216,
76079d0bf1,
818ccc0ca7,
fe79b09a4a,
3db26cb791,
3a37009a34,
302e684a9c,
33cfb92423,
cad643a3b6,
22fe529e57,
bb40ad5b70,
21ba72ed47,
3e1d9b88f7,
bd9b727231,
c13346444f,
614cd43381,
7785879425,
c8b7b52f7f,
a624d8dc64,
47abe23212,
0bcde7fb0f,
dc59a10de0,
f22304afd9,
57ccc5cb82,
d3d97e53d4,
bf56f7dd40,
301595fcd8,
1bcab21a24,
0fbf0f803f,
f9467f033a,
89a0972631,
c1dbd8af8d,
0f41fb1404,
7633d58974,
4c26629cdf,
547bfceee8,
64c36c6a25,
efec59e86f,
40e3262fb1,
e47c5d83fc,
4e7930ac09,
77b202a9c6,
fbc0dcd4df,
fa5f0040ee,
71ce93a7b7,
ff16f2f584,
42f46dcb33,
4698cc32f9,
dbe0fe4dc1,
fb305a2062,
f433483dba,
53f97a1a88,
51dd15dd1e,
38272bc266,
f9eb5a18dd,
c5cae37fca,
91b0697d86,
37742e5f10,
27dc4eed59,
18cf38b412,
b3c8932dc8,
62ac70c3e8,
7f23ba4e4a,
e8ebd88bb5,
2309b6b116,
bfc495e840,
31c8f92fa9,
6c33bebba4,
add95e52cb,
0a23a32d1a,
3e741873b1,
a16611557b,
4e1c46b1ed,
7f80ac6447,
6bf6f7cd9d,
a0018e4f71,
f2b5d8aa8a,
f5bae9cdc5,
59a07f8b50,
c0e7b93c04,
cbe5d89ffc,
b789820d77,
ac18a9120d,
78e2b8371a,
ed4711ab1d,
2c436eb10f,
28a5f65cc2,
f5ab2a12f3,
bd6b9327ac,
dc888669ce,
0c8d55a780,
1e5ae9d2a9,
7a0a1152e2,
dfd7cbea2e,
dd8c8b143d,
f0384deeb7,
8054361dfd,
b53e07d18a,
aa8b2d0fbb,
67142f744f,
dc2a31bc27,
ae8be09ef8,
ac14003b16,
78d559a80d,
676d53ad70,
f6fc4f5177,
633a88f80a,
3eb9c63046,
1cdd74608b,
019766b43c,
bcb54a6510,
d3c0ed351b,
9e45e84bac,
48b3dccf26,
e3a437ca0d,
84cce35d7e,
b55a1e3033,
b64a39eb97,
5001f015a4,
d0c9e7f9c6,
1bc532153f,
bf8bf3d4fa,
4927c651e0,
408b37703b,
4ce0d52b0e,
240835a198,
76f2458ae9,
bb7ff4c697,
5cd181b41f,
95a7b73906,
78534871be,
4ce77cc568,
0d4038338b,
0aa3bfe21d,
e8f8ab82ce,
f24e1277be,
8e48845dd4,
4856963531,
aed83b81bb,
b8945d366f,
ff0a22953c,
56aee0ab08,
a594d86f88,
dcd9710d60,
648d1ae4be,
32ee738945,
747c075dfb,
ba13dbaa29,
afb3847686,
5fe905145d,
b404aafd56,
a049e7255e,
12a7ca7096,
e26029b910,
0d6a468b92,
1a157f9551,
2ed02fc499,
76e5c5422e,
853e07e13e,
d51ef97f33,
ecd1737bb1,
825b2f52f0,
04a5bb16d7,
a4a209dc52,
616ef89f45,
7ee71ee874,
7887dc1b63,
082cb33f51,
dc898d55ca,
26fa565501,
6a443ecf2a,
1bb2b1fbf4,
8be32a53af,
cfb0294fdf,
c425404682,
0d5d3cadd5,
7ac61d2369,
808c63ed8f,
fd31311ea1,
c7937f3713,
43bc135ba9,
69ff232673,
fa3e8609bb,
8cbcad0831,
fa1c58a6c2,
3e227bf413,
51d27e732b,
510f0a1180,
2d450d63a8,
9aebdf433e,
4f8b7cf7dd,
373b220a7b,
9be3796b6c,
587e768d3a,
c14e1cad20,
7194629d17,
574c07082c,
4303a5ae52,
787f824d70,
85cbf88c3a,
cbc13d1a01,
7bc3bb0a20,
dbb3965aca,
462bfb1848,
9d9232634b,
c741343ed8,
e62622675a,
27d6ed1bb0,
69eabf5f29,
60a06c3078,
c6885a38e6,
fd038e782c,
4bbe1afbc2,
4b05f60263,
bb5953d161,
73af373fca,
ccfd0dd652,
c3bafa1d78,
6f07ae886b,
bc9a247d9a,
a754e9e91c,
4dbd529a9a,
d0aeae2658,
aedd098370,
9159c5f8fe,
ca4e3b12aa,
ee468f7195,
34adc69da6,
9d5aeb5104,
9896d6ac33,
fbcd0447ae,
6c53696981,
d376f8676a,
7a597c0b30,
22b0703aa1,
22b0398a5d,
3f68cc0fcd,
03b4f1dc2a,
68d1cc2e33,
3820797dab,
182891f8a6,
0bcfcf34d7,
13d6e87328,
bcf57add57,
2ca6256249,
ef49e86b66,
b385f3a649,
9a4c770131,
c0b11fc61f,
40876f27d4,
e10798585e,
9881925fc5,
08ce8991f1,
d1b3ac82c3,
a139ee59f1,
1c920e3604,
a15415f3c9,
1052fcf702,
328e232d2c,
22e0d4d976,
56583846d9,
ee86e0845f,
6e1232c356,
c6d5346205,
966b3bffe3,
85720e2425,
34bcf08008,
02b224b871,
03c247c74b,
c75a92a0fc,
6761377ad9,
bca65f4faa,
aa0f87b252,
596b9ee0eb,
5e713bea12,
d0f06eee13,
271b6d1519,
82f8e5737e,
9990d72d8d,
753f85d9de,
d89c8c4e3b,
af1d47494c,
974f07329c,
776d73a00d,
6a49954583,
f346f5a7da,
11d6b46aa7,
e3134028ed,
188f970073,
